12 To Go Part 1 55bpm,https://www.youtube.com/watch?v=YX0J8BMS9Ds
12 To Go Part 1 65bpm,https://www.youtube.com/watch?v=HktUi5DGgbo
12 To Go Part 1 8th=100bpm,https://www.youtube.com/watch?v=QfMa5yaWV0M
12 To Go Part 1 8th=100bpm with counting,https://www.youtube.com/watch?v=AQjtHPuxbGs&pp=0gcJCbIJAYcqIYzv
12 To Go Part 1 8th=100bpm with counting,https://www.youtube.com/watch?v=C_7_J9xb0Hs
12 To Go Part 2 55bpm,https://www.youtube.com/watch?v=kWLFecqFLSo&pp=0gcJCbIJAYcqIYzv
12 To Go Part 2 65bpm,https://www.youtube.com/watch?v=wPDxI3C9zPE
12 To Go Part 2 8th=100bpm,https://www.youtube.com/watch?v=pxO8WH7M0GE
12 To Go Part 2 8th=100bpm with counting,https://www.youtube.com/watch?v=fzXmnEk8nNw&pp=0gcJCbIJAYcqIYzv
3 To Go Part 1 45bpm,https://www.youtube.com/watch?v=C90kob4RrYo&pp=0gcJCbIJAYcqIYzv
3 To Go Part 1 55bpm,https://www.youtube.com/watch?v=elwHhm9Yees&pp=0gcJCbIJAYcqIYzv
3 To Go Part 1 65bpm,https://www.youtube.com/watch?v=SrTp5EI2pDo
3 To Go Part 1 8th=120bpm,https://www.youtube.com/watch?v=OaWT7-dGjc0&pp=0gcJCbIJAYcqIYzv
3 To Go Part 1 and Part 2 65bpm,https://www.youtube.com/watch?v=tZZ626c098w
3 To Go Part 2 45bpm,https://www.youtube.com/watch?v=thKPZEIb2X8
3 To Go Part 2 55bpm,https://www.youtube.com/watch?v=E1alLCaFXCA
3 To Go Part 2 65bpm,https://www.youtube.com/watch?v=uzYN3dMeKR0
A Little Mad 50bpm,https://www.youtube.com/watch?v=FaMDLqmHaRA
A Little Mad 50bpm with counting,https://www.youtube.com/watch?v=3rvBd4PDyBg
A Little Mad 60bpm,https://www.youtube.com/watch?v=_WyHKe9evHk
A Little Mad 70bpm,https://www.youtube.com/watch?v=Klt3p_QJezc
A Little Mad 80bpm,https://www.youtube.com/watch?v=3xMbWd61h6E
A Little Mad 90bpm,https://www.youtube.com/watch?v=KOzwudjpJ4w
A Little Staggar Part 1 70bpm,https://www.youtube.com/watch?v=EKpRlpo1UsM
A Little Staggar Part 1 70bpm,https://www.youtube.com/watch?v=YdnKRjfgE3w
A Little Stagger Part 1 50bpm,https://www.youtube.com/watch?v=1zTxFlwXod0&pp=0gcJCbIJAYcqIYzv
A Little Stagger Part 1 50bpm with counting,https://www.youtube.com/watch?v=RSscmNmSPaI
A Little Stagger Part 1 60bpm,https://www.youtube.com/watch?v=B33aF5SibSE
A Little Stagger Part 2 50bpm,https://www.youtube.com/watch?v=KLGPCd6PIhI
A Little Stagger Part 2 50bpm with counting,https://www.youtube.com/watch?v=GjJkjYNVATw
A Little Stagger Part 2 60bpm,https://www.youtube.com/watch?v=RpNv0zdeMWI
A Little Stagger Part 2 70bpm,https://www.youtube.com/watch?v=3-Dz7h2wWDE
A Minor Downfall 40bpm with counting,https://www.youtube.com/watch?v=1sfJPodvMx8
A Minor Downfall 40bpm with counting,https://www.youtube.com/watch?v=r_QO52DPg1o
A Minor Downfall 60bpm,https://www.youtube.com/watch?v=qMnIPpV0fec&pp=0gcJCbIJAYcqIYzv
A Minor Downfall 65bpm,https://www.youtube.com/watch?v=bXRMV0mso64
A Minor Downfall 72bpm,https://www.youtube.com/watch?v=0RVr3t1kzOo
Angel 50bpm,https://www.youtube.com/watch?v=zMFTgtm8e70
Angel 50bpm with counting,https://www.youtube.com/watch?v=RlLtg0gRfqc
Angel 60bpm,https://www.youtube.com/watch?v=lPsKV6FsEFU
Angel 70bpm,https://www.youtube.com/watch?v=QBzLySVI3ts&pp=0gcJCbIJAYcqIYzv
Angel 80bpm,https://www.youtube.com/watch?v=Lg4THbUj-x0
Awk Part 1 50bpm,https://www.youtube.com/watch?v=zZyLbPXUvP4
Awk Part 1 50bpm with counting,https://www.youtube.com/watch?v=7-TwF69yJas
Awk Part 1 60bpm,https://www.youtube.com/watch?v=Q9sHA-a9YNc
Awk Part 1 70bpm,https://www.youtube.com/watch?v=KErrOUdhxVo
Awk Part 1 80bpm,https://www.youtube.com/watch?v=1uAgjZwYkxM
Awk Part 1 90bpm,https://www.youtube.com/watch?v=UIzOZRYhMjE
Awk Part 2 50bpm,https://www.youtube.com/watch?v=nFVabZMt33g
Awk Part 2 50bpm with counting,https://www.youtube.com/watch?v=kILjxSjyUyA
Awk Part 2 60bpm,https://www.youtube.com/watch?v=p0LrU0jLtvU
Awk Part 2 70bpm,https://www.youtube.com/watch?v=YTPeqQFYfaU
Awk Part 2 80bpm,https://www.youtube.com/watch?v=htH3gg_IckU
Awk Part 2 90bpm,https://www.youtube.com/watch?v=AneqNPzI_Ng
Balance Point 50bpm,https://www.youtube.com/watch?v=0M_735NQqTw
Balance Point 50bpm with counting,https://www.youtube.com/watch?v=xCZgRaCFv2s
Balance Point 60bpm,https://www.youtube.com/watch?v=rOWygjNhm9w
Boink Part 1 100bpm,https://www.youtube.com/watch?v=rRgdOiYOZag
Boink Part 1 50bpm,https://www.youtube.com/watch?v=fFOTGk1Cppc&pp=0gcJCbIJAYcqIYzv
Boink Part 1 50bpm with counting,https://www.youtube.com/watch?v=h90CNgFzJV0
Boink Part 1 60bpm,https://www.youtube.com/watch?v=8cy0sDNNO40
Boink Part 1 70bpm,https://www.youtube.com/watch?v=t8WbcCY_W2c&pp=0gcJCbIJAYcqIYzv
Boink Part 1 80bpm,https://www.youtube.com/watch?v=R-czJYOVFLs
Boink Part 1 90bpm,https://www.youtube.com/watch?v=EoAAm0K21tQ
Boink Part 1 and Part 2 100bpm,https://www.youtube.com/watch?v=ybTlAXBLuvI
Boink Part 2 100bpm,https://www.youtube.com/watch?v=kSqD4xUOsFE
Boink Part 2 50bpm,https://www.youtube.com/watch?v=Nau1ev0javM
Boink Part 2 50bpm with counting,https://www.youtube.com/watch?v=Ht1mWcspJXw
Boink Part 2 60bpm,https://www.youtube.com/watch?v=uLkXMcVjx1o
Boink Part 2 70bpm,https://www.youtube.com/watch?v=AgN7ZRVlsdc
Boink Part 2 80bpm,https://www.youtube.com/watch?v=eF0FZxgQ2jA
Boink Part 2 90bpm,https://www.youtube.com/watch?v=5TNi4A5sdKY
Bothe Part 1 110bpm,https://www.youtube.com/watch?v=fG3NuJsNZT0
Bothe Part 1 55bpm,https://www.youtube.com/watch?v=PfqQIbgZyx4
Bothe Part 1 55bpm with counting,https://www.youtube.com/watch?v=Z5z8mDbu1Nk
Bothe Part 1 69bpm,https://www.youtube.com/watch?v=kjclAv42ZDo
Bothe Part 1 82bpm,https://www.youtube.com/watch?v=Ec_zgy6AkcI
Bothe Part 1 96bpm,https://www.youtube.com/watch?v=lMZvb80B4VM
Bothe Part 1 and Part 2 110bpm,https://www.youtube.com/watch?v=4kNz8CB8hZo
Bothe Part 2 110bpm,https://www.youtube.com/watch?v=zK56peUzqK4
Bothe Part 2 55bpm,https://www.youtube.com/watch?v=SV5vPwHWONg
Bothe Part 2 55bpm with counting,https://www.youtube.com/watch?v=PzXMQpRXvgI
Bothe Part 2 69bpm,https://www.youtube.com/watch?v=Cr9Qx68_VAA&pp=0gcJCbIJAYcqIYzv
Bothe Part 2 82bpm,https://www.youtube.com/watch?v=TWfYxsQF35k
Bothe Part 2 96bpm,https://www.youtube.com/watch?v=jw9X_e3PE6A
Bumbles Part 1 50bpm,https://www.youtube.com/watch?v=3_rQqOQLvmc
Bumbles Part 1 50bpm with counting,https://www.youtube.com/watch?v=63aT2h4MSX0&pp=0gcJCbIJAYcqIYzv
Bumbles Part 1 60bpm,https://www.youtube.com/watch?v=u6aHkC2J50E
Bumbles Part 1 70bpm,https://www.youtube.com/watch?v=nfSQYpH1Pk0
Bumbles Part 1 80bpm,https://www.youtube.com/watch?v=xv2muxQJpeA
Bumbles Part 2,https://www.youtube.com/watch?v=mJjXjKCTINs
Bumbles Part 2 50bpm with counting,https://www.youtube.com/watch?v=4p99RDINrtI
Bumbles Part 2 60bpm,https://www.youtube.com/watch?v=4t87emvnrRQ
Bumbles Part 2 70bpm,https://www.youtube.com/watch?v=NKuw1s0OEyA&pp=0gcJCbIJAYcqIYzv
Bumbles Part 2 80bpm,https://www.youtube.com/watch?v=Oh366vScQg0
Easy 100bpm,https://www.youtube.com/watch?v=yTNRa6F3m9Q
Easy 58bpm,https://www.youtube.com/watch?v=G_EyzHYmlMg
Easy 58bpm with counting,https://www.youtube.com/watch?v=0Ed1oX-wpzY
Easy 73bpm,https://www.youtube.com/watch?v=I3TOAQZI5qg
Easy 86bpm,https://www.youtube.com/watch?v=n-5EJIgS6ao
Easy Does It Part 1 50bpm,https://www.youtube.com/watch?v=wHUuaP0NHyM
Easy Does It Part 1 50bpm with counting,https://www.youtube.com/watch?v=sbrMJakUHAY
Easy Does It Part 1 60bpm,https://www.youtube.com/watch?v=j6uzs6FvMt0
Easy Does It Part 1 70bpm,https://www.youtube.com/watch?v=LYAfQQKT0F4
Easy Does It Part 1 80bpm,https://www.youtube.com/watch?v=XUPQqLjEfOQ
Easy Does It Part 1 85bpm,https://www.youtube.com/watch?v=oouL_l2GwOU
Easy Does It Part 1 and Part 2 85bpm,https://www.youtube.com/watch?v=HIYkIOA_1gU
Easy Does It Part 2 50bpm,https://www.youtube.com/watch?v=SwBAwVeD6JY
Easy Does It Part 2 50bpm with counting,https://www.youtube.com/watch?v=5UzDVkyCWLs
Easy Does It Part 2 60bpm,https://www.youtube.com/watch?v=jBTRt5KQaFY&pp=0gcJCbIJAYcqIYzv
Easy Does It Part 2 70bpm,https://www.youtube.com/watch?v=DuppLwrcRjU&pp=0gcJCbIJAYcqIYzv
Easy Does It Part 2 80bpm,https://www.youtube.com/watch?v=0Ju3b2LB4mo
Easy Does It Part 2 85bpm,https://www.youtube.com/watch?v=dZyf8mmwR2s
Eraser 50bpm with counting YouTube,https://www.youtube.com/watch?v=y-F5bx3nwvQ&pp=0gcJCbIJAYcqIYzv
Eraser 50bpm YouTube,https://www.youtube.com/watch?v=vD4nkWdv1KA
Eraser 60bpm YouTube,https://www.youtube.com/watch?v=uscJ9LvD_rk
Eraser 70bpm YouTube,https://www.youtube.com/watch?v=Tmf4gKeXLg4
Eraser 80bpm YouTube,https://www.youtube.com/watch?v=82VocTMJWF0
Gary Gary Part 1 50bpm,https://www.youtube.com/watch?v=53jVZyjnh6w
Gary Gary Part 1 50bpm with counting,https://www.youtube.com/watch?v=Yj3YNUFwf0Y
Gary Gary Part 1 60bpm,https://www.youtube.com/watch?v=V2aKB5b3HKs&pp=0gcJCbIJAYcqIYzv
Gary Gary Part 1 70bpm,https://www.youtube.com/watch?v=ck4ulvHJVmY&pp=0gcJCbIJAYcqIYzv
Gary Gary Part 1 80bpm,https://www.youtube.com/watch?v=kQNmozHOVfU
Gary Gary Part 2 50bpm,https://www.youtube.com/watch?v=pRuWpEeC_jM
Gary Gary Part 2 50bpm with counting,https://www.youtube.com/watch?v=15wrajIlwoQ
Gary Gary Part 2 60bpm,https://www.youtube.com/watch?v=50M5bifs0fg
Gary Gary Part 2 70bpm,https://www.youtube.com/watch?v=XeIBimgabeU
Gary Gary Part 2 80bpm,https://www.youtube.com/watch?v=EztaxvcMAzY
Here & There 50bpm,https://www.youtube.com/watch?v=YKtppQ-TwFk
Here & There 50bpm with counting,https://www.youtube.com/watch?v=C7SqYU2sqPA
Here & There 60bpm,https://www.youtube.com/watch?v=TIDZm8geP0o
Here & There 70bpm,https://www.youtube.com/watch?v=CzZVn9a1w8Y
Here & There 80bpm,https://www.youtube.com/watch?v=IIWOOxqwYCM
Later 102bpm,https://www.youtube.com/watch?v=7mCPRFUPU5M
Later 50bpm,https://www.youtube.com/watch?v=dIU_zkh1-LI
Later 50bpm with counting,https://www.youtube.com/watch?v=Kwrvb18aaTU&pp=0gcJCbIJAYcqIYzv
Later 60bpm,https://www.youtube.com/watch?v=ei8eHKyJNA8
Later 60bpm,https://www.youtube.com/watch?v=ySbnQwuRrmA
Later 70bpm,https://www.youtube.com/watch?v=rZQROYciLKI
Later 80bpm,https://www.youtube.com/watch?v=z8F33fL1Ygo
Movin' Out Part 1 50bpm,https://www.youtube.com/watch?v=B9_oEjIMqbU&pp=0gcJCbIJAYcqIYzv
Movin' Out Part 1 50bpm with counting,https://www.youtube.com/watch?v=pyHvwT3Evpg
Movin' Out Part 1 60bpm,https://www.youtube.com/watch?v=PJEt1k7Jooo
Movin' out Part 1 70bpm,https://www.youtube.com/watch?v=ISVCJQsBcgw
Movin' Out Part 1 80bpm,https://www.youtube.com/watch?v=9dTGEBEcd_4
Movin' Out Part 1 80bpm,https://www.youtube.com/watch?v=EuYzrV-zJdk
Movin' Out Part 2 50bpm,https://www.youtube.com/watch?v=rjOn9UWzLoE
Movin' Out Part 2 60bpm,https://www.youtube.com/watch?v=7kS-hif8gzs
Movin' Out Part 2 70bpm,https://www.youtube.com/watch?v=nqMOiqZIdRE&pp=0gcJCbIJAYcqIYzv
Movin' Out Part 2 80bpm,https://www.youtube.com/watch?v=zEDBuLeTYaw
Needle Nose 50bpm,https://www.youtube.com/watch?v=tHaTDait-SE
Needle Nose 50bpm with counting,https://www.youtube.com/watch?v=OqyZ5l3nHbY
Needle Nose 60bpm,https://www.youtube.com/watch?v=yb03evhwwk4
Needle Nose 70bpm,https://www.youtube.com/watch?v=tNVBeF8y2x0
Needle Nose 80bpm,https://www.youtube.com/watch?v=2Vu6SIN5Elk
Okay 50bpm,https://www.youtube.com/watch?v=YOLeK8LcYBM
Okay 50bpm with counting,https://www.youtube.com/watch?v=prgJ5pqyOWo
Okay 60bpm,https://www.youtube.com/watch?v=XWNnp-weHxs
Okay 70bpm,https://www.youtube.com/watch?v=qtZADHEQBSI
Okay 80bpm,https://www.youtube.com/watch?v=W0Hnqo9OTHY
Olay Part 1 50bpm YouTube,https://www.youtube.com/watch?v=lhfqPc2ou48
Olay Part 1 60bpm,https://www.youtube.com/watch?v=1zkq9d_Y3TI
Olay Part 1 70bpm,https://www.youtube.com/watch?v=Qbwe1jC7cwQ
Olay Part 1 80bpm,https://www.youtube.com/watch?v=wvZxtOmIPzs
Olay Part 1 90bpm,https://www.youtube.com/watch?v=Ju4UcYdIhkg
Olay Part 2 50bpm,https://www.youtube.com/watch?v=Sl2qMR7d9mE
Olay Part 2 50bpm with counting,https://www.youtube.com/watch?v=SWZNvlC25Cs
Olay Part 2 60bpm,https://www.youtube.com/watch?v=ykcp7IZpBrE
Olay Part 2 70bpm,https://www.youtube.com/watch?v=4XvL9yfxQxQ
Olay Part 2 70bpm,https://www.youtube.com/watch?v=zMEHEmlsvGI
Olay Part 2 80bpm,https://www.youtube.com/watch?v=NyBeDxi302s
Paradiddle Triplets 105bpm,https://www.youtube.com/watch?v=Pae7npJ8-nM&pp=0gcJCbIJAYcqIYzv
Paradiddle Triplets 60bpm,https://www.youtube.com/watch?v=-nfjYfpQIh8
Paradiddle Triplets 60bpm with counting,https://www.youtube.com/watch?v=kUTfbRXBpmY
Paradiddle Triplets 75bpm,https://www.youtube.com/watch?v=ZYUkhDBBW-U
Paradiddle Triplets 90bpm,https://www.youtube.com/watch?v=p8hywdp4EXw
Ramble Part 1 50bpm,https://www.youtube.com/watch?v=lePwivfgq-k&pp=0gcJCbIJAYcqIYzv
Ramble Part 1 50bpm with counting,https://www.youtube.com/watch?v=Lq2Cw_Fwwuc
Ramble Part 1 60bpm,https://www.youtube.com/watch?v=GBDXKITFbjE
Ramble Part 1 70bpm,https://www.youtube.com/watch?v=foF0nDQQ8bE
Ramble Part 1 70bpm,https://www.youtube.com/watch?v=udg20QpRDOE
Ramble Part 1 80bpm,https://www.youtube.com/watch?v=JpbR9uL6pI0
Ramble Part 2 50bpm,https://www.youtube.com/watch?v=5-LvwMiyD-o
Ramble Part 2 50bpm with counting,https://www.youtube.com/watch?v=1pp-w5PSwhw
Ramble Part 2 60bpm,https://www.youtube.com/watch?v=QP4inp5wR7U
Ramble Part 2 70bpm,https://www.youtube.com/watch?v=3BhuXzdJVqU
Ramble Part 2 80bpm,https://www.youtube.com/watch?v=4Z2gqLPWqw8
Rata's & Roll Part 1 50bpm,https://www.youtube.com/watch?v=DtdPmOce1qc
Rata's & Roll Part 1 50bpm with counting,https://www.youtube.com/watch?v=QxqvVaorfT4
Rata's & Roll Part 1 60bpm,https://www.youtube.com/watch?v=e29N_weoJd8
Rata's & Roll Part 1 70bpm,https://www.youtube.com/watch?v=VoW-Nr7EQPI
Rata's & Roll Part 1 80bpm,https://www.youtube.com/watch?v=ajFVnfoR3kE
Rata's & Roll Part 2 50bpm,https://www.youtube.com/watch?v=VhZmgaHylwQ
Rata's & Roll Part 2 50bpm with counting,https://www.youtube.com/watch?v=6ny8tzmsCU8
Rata's & Roll Part 2 60bpm,https://www.youtube.com/watch?v=XMheGrsJXX4
Rata's & Roll Part 2 70bpm,https://www.youtube.com/watch?v=XC3lYb9j7S4
Rata's & Roll Part 2 80bpm,https://www.youtube.com/watch?v=Phd3AZEIWrg
Ready Set 110bpm,https://www.youtube.com/watch?v=JmnGK0lwnrA&pp=0gcJCbIJAYcqIYzv
Ready Set 60bpm with counting,https://www.youtube.com/watch?v=raNbDHOlnI4&pp=0gcJCbIJAYcqIYzv
Ready Set 70bpm,https://www.youtube.com/watch?v=VzuVFL99XtI
Ready Set 90bpm,https://www.youtube.com/watch?v=fW6bUx7_8go
Rhoda Part 1 40bpm,https://www.youtube.com/watch?v=gpg836Ua7gE
Rhoda Part 1 50bpm,https://www.youtube.com/watch?v=2QmJxvNYEsA
Rhoda Part 1 60bpm,https://www.youtube.com/watch?v=N0TvatvGzDc
Rhoda Part 1 70bpm,https://www.youtube.com/watch?v=CS97j2iSzks
Rhoda Part 1 and Part 2 70bpm,https://www.youtube.com/watch?v=k3TdcEn0WUw
Rhoda Part 2 40bpm,https://www.youtube.com/watch?v=UifIm5Ns4eQ
Rhoda Part 2 50bpm,https://www.youtube.com/watch?v=LL0LQItB8rk
Rhoda Part 2 60bpm,https://www.youtube.com/watch?v=cZHkz73ZPwk
Rhoda Part 2 70bpm,https://www.youtube.com/watch?v=YJCv-WNbEeo
Rhonda 50bpm,https://www.youtube.com/watch?v=Op0UfDeJXXc
Rhonda 50bpm with counting,https://www.youtube.com/watch?v=L5Lb1FYj7fU
Rhonda 60bpm,https://www.youtube.com/watch?v=tVGGxaOlhBg
Rhonda 70bpm,https://www.youtube.com/watch?v=JByqkeghtE8
Rhonda 80bpm,https://www.youtube.com/watch?v=VPAr9tsZod8
Roll Around 2 50bpm,https://www.youtube.com/watch?v=upV2ogzcKB8
Roll Around 2 50bpm with counting,https://www.youtube.com/watch?v=4D8LsMkx1WI
Roll Around 2 60bpm,https://www.youtube.com/watch?v=PTReipnKhJI
Roll Around 2 70bpm,https://www.youtube.com/watch?v=h4gIKWkVdJ8
Roll Around 2 80bpm,https://www.youtube.com/watch?v=bS4OSv8Y6_Q
Roll Around 3 50bpm,https://www.youtube.com/watch?v=VYhExizikeo
Roll Around 3 50bpm with counting,https://www.youtube.com/watch?v=MVZMPn3j9n0
Roll Around 3 60bpm,https://www.youtube.com/watch?v=HsuGtKLTE58
Roll Around 3 70bpm,https://www.youtube.com/watch?v=q04GVGRyd28
Roll Around 3 80bpm,https://www.youtube.com/watch?v=aIZUuqWxhMI
Roll Around 3 90bpm,https://www.youtube.com/watch?v=j8_oLHkbiKA
Roll Around 40bpm,https://www.youtube.com/watch?v=C2Q1YRFqJ5c
Roll Around 40bpm with counting,https://www.youtube.com/watch?v=RDi2W_wGcAo
Roll Around 50bpm,https://www.youtube.com/watch?v=bwHdCmy33OU
Roll Around 60bpm,https://www.youtube.com/watch?v=Gee2DRc54iM
Scooter Part 1 50bpm,https://www.youtube.com/watch?v=vGYPeOpC59o
Scooter Part 1 50bpm with counting,https://www.youtube.com/watch?v=eDQYNJTMsP8
Scooter Part 1 60bpm,https://www.youtube.com/watch?v=CCioxS9-mx0
Scooter Part 1 70bpm,https://www.youtube.com/watch?v=2UmybeFOnks&pp=0gcJCbIJAYcqIYzv
Scooter Part 1 80bpm,https://www.youtube.com/watch?v=BjujoFhkMiY&pp=0gcJCbIJAYcqIYzv
Scooter Part 1 90bpm,https://www.youtube.com/watch?v=OMvH2crlaOw
Scooter Part 2 50bpm,https://www.youtube.com/watch?v=P0sb_AzlFGM
Scooter Part 2 50bpm with counting,https://www.youtube.com/watch?v=3WJmW--ewZs
Scooter Part 2 60bpm,https://www.youtube.com/watch?v=_WAByPUjSr8
Scooter Part 2 70bpm,https://www.youtube.com/watch?v=35b5yzCRiLQ
Scooter Part 2 80bpm,https://www.youtube.com/watch?v=g9ezFvWm3Ic
Scooter Part 2 90bpm,https://www.youtube.com/watch?v=f4EQw7QBGCo
Shake Well 50bpm,https://www.youtube.com/watch?v=9rr7XtVvs8Q
Shake Well 50bpm with counting,https://www.youtube.com/watch?v=Xmgqak3rCHY&pp=0gcJCbIJAYcqIYzv
Shake Well 60bpm,https://www.youtube.com/watch?v=HCTshsnyYn8
Shake Well 70bpm,https://www.youtube.com/watch?v=IS6b4RquY5Q
Shake Well 80bpm,https://www.youtube.com/watch?v=nh66E9pxTOg
Shout! Part 1 50bpm,https://www.youtube.com/watch?v=4iOjHAswvHE
Shout! Part 1 50bpm with counting,https://www.youtube.com/watch?v=Aus0QSHEsA4
Shout! Part 1 60bpm,https://www.youtube.com/watch?v=Rpuh_PlbA0U
Shout! Part 1 70bpm,https://www.youtube.com/watch?v=5ZfsvWGsbsg
Shout! Part 1 80bpm,https://www.youtube.com/watch?v=GQYxCGyxp2s
Shout! Part 1 90bpm,https://www.youtube.com/watch?v=CNNGYCx6Q3U
Shout! Part 1 with counting,https://www.youtube.com/watch?v=8k1ZW7oZgrw
Shout! Part 2 50bpm,https://www.youtube.com/watch?v=YR8lEcp72I0&pp=0gcJCbIJAYcqIYzv
Shout! Part 2 50bpm with counting,https://www.youtube.com/watch?v=-IjYHgWC7wc
Shout! Part 2 60bpm,https://www.youtube.com/watch?v=7W4MkHL7d4I
Shout! Part 2 70bpm,https://www.youtube.com/watch?v=WqIHCOPdeSY
Shout! Part 2 80bpm,https://www.youtube.com/watch?v=pQXOlVrmiPY
Shout! Part 2 90bpm,https://www.youtube.com/watch?v=Hcu6-tol49s
Simp Part 1 100bpm,https://www.youtube.com/watch?v=nRWqlLRQ750
Simp Part 1 50bpm,https://www.youtube.com/watch?v=k6h9wCxUdps
Simp Part 1 50bpm with counting,https://www.youtube.com/watch?v=ubLwrC08RwA
Simp Part 1 60bpm,https://www.youtube.com/watch?v=cCFJo5IEKng
Simp Part 1 70bpm,https://www.youtube.com/watch?v=ejvLgzDhRx8&pp=0gcJCbIJAYcqIYzv
Simp Part 1 80bpm,https://www.youtube.com/watch?v=-sIIkmRwEl4
Simp Part 1 90bpm,https://www.youtube.com/watch?v=1iOD_eLfnP8
Simp Part 1 and Part 2 100bpm,https://www.youtube.com/watch?v=VICpS6gqC58
Simp Part 2 100bpm,https://www.youtube.com/watch?v=852T_sqmzPk
Simp Part 2 50bpm,https://www.youtube.com/watch?v=pzR9_pRT1Ew
Simp Part 2 50bpm with counting,https://www.youtube.com/watch?v=EsmcBEfOGxo
Simp Part 2 60bpm,https://www.youtube.com/watch?v=3r5FNAM0IOU
Simp Part 2 70bpm,https://www.youtube.com/watch?v=kWFnaQHou6s
Simp Part 2 80bpm,https://www.youtube.com/watch?v=_GgMmv7bJDo&pp=0gcJCbIJAYcqIYzv
Simp Part 2 90bpm,https://www.youtube.com/watch?v=WMW4xTEZ9hg
Slash & Run 120bpm,https://www.youtube.com/watch?v=-QvdkPvJGOo
Slash & Run 65bpm,https://www.youtube.com/watch?v=JldyYQf7aC8
Slash & Run 65bpm with counting,https://www.youtube.com/watch?v=uS8YM-QK6ow
Slash & Run 85bpm,https://www.youtube.com/watch?v=9X-Vyx7JRwY
Solo #1 Part 1 50bpm,https://www.youtube.com/watch?v=dgrGU9dAtr8
Solo #1 Part 1 50bpm with counting,https://www.youtube.com/watch?v=RJVjHDqo-0I
Solo #1 Part 1 60bpm,https://www.youtube.com/watch?v=bZqlag8jFXA&pp=0gcJCbIJAYcqIYzv
Solo #1 Part 1 70bpm,https://www.youtube.com/watch?v=8mnatvvcqME
Solo #1 Part 1 80bpm,https://www.youtube.com/watch?v=E860_NkkMdk
Solo #1 Part 1 90bpm,https://www.youtube.com/watch?v=jELomq4PdHI
Solo #1 Part 2 50bpm,https://www.youtube.com/watch?v=8pqgmDhYDXM
Solo #1 Part 2 50bpm with counting,https://www.youtube.com/watch?v=iO5txQ5R0iY
Solo #1 Part 2 60bpm,https://www.youtube.com/watch?v=oUxFwGyhsJc
Solo #1 Part 2 70bpm,https://www.youtube.com/watch?v=9OajUP6jxK8
Solo #1 Part 2 80bpm,https://www.youtube.com/watch?v=Ji59-wmmjCw
Solo #1 Part 2 90bpm,https://www.youtube.com/watch?v=7bIE_6UggPI
Solo #10 Part 1 100bpm,https://www.youtube.com/watch?v=FdlcTGCXXKA&pp=0gcJCbIJAYcqIYzv
Solo #10 Part 1 50bpm,https://www.youtube.com/watch?v=roDrBZ7dK94
Solo #10 Part 1 50bpm with counting,https://www.youtube.com/watch?v=X8W4Gk4b92s
Solo #10 Part 1 60bpm,https://www.youtube.com/watch?v=Bir90Q9xT0c
Solo #10 Part 1 70bpm,https://www.youtube.com/watch?v=nnL66vIp4nk
Solo #10 Part 1 80bpm,https://www.youtube.com/watch?v=5Y17TmyB3To
Solo #10 Part 1 90bpm,https://www.youtube.com/watch?v=sUXyrUiAtzY
Solo #10 Part 1 90bpm,https://www.youtube.com/watch?v=NR4PLCv0Ojc
Solo #10 Part 1 and Part 2 100bpm,https://www.youtube.com/watch?v=H-_RVoSXndc
Solo #10 Part 2 100bpm,https://www.youtube.com/watch?v=CLNvysvo_Us
Solo #10 Part 2 50bpm,https://www.youtube.com/watch?v=268WM0KxbYQ
Solo #10 Part 2 50bpm with counting,https://www.youtube.com/watch?v=yoH4JOob1JI
Solo #10 Part 2 60bpm,https://www.youtube.com/watch?v=9ZvaZNxXlSQ&pp=0gcJCbIJAYcqIYzv
Solo #10 Part 2 70bpm,https://www.youtube.com/watch?v=uCyURqwCYOw
Solo #10 Part 2 80bm,https://www.youtube.com/watch?v=G8pVbczvJF4
Solo #2 Part 1 100bpm,https://www.youtube.com/watch?v=sfLbzjD13sc
Solo #2 Part 1 50bpm,https://www.youtube.com/watch?v=kZtuejbynFY
Solo #2 Part 1 60bpm,https://www.youtube.com/watch?v=lUuEr31vliM
Solo #2 Part 1 70bpm,https://www.youtube.com/watch?v=7GFBD2mq-6s
Solo #2 Part 1 80bpm,https://www.youtube.com/watch?v=bNbwN6A0yTw
Solo #2 Part 1 90bpm,https://www.youtube.com/watch?v=-70BR6M4HE4
Solo #2 Part 1 and Part 2 100bpm,https://www.youtube.com/watch?v=xo_W3KpKXwU
Solo #2 Part 2 100bpm,https://www.youtube.com/watch?v=us8u9GHtUyw
Solo #2 Part 2 50bpm,https://www.youtube.com/watch?v=BBHXB05ECKY
Solo #2 Part 2 50bpm with counting,https://www.youtube.com/watch?v=q0eiPHYz3bo
Solo #2 Part 2 60bpm,https://www.youtube.com/watch?v=O-WypKUzQtM
Solo #2 Part 2 70bpm,https://www.youtube.com/watch?v=efWNtM-9KBI
Solo #2 Part 2 80bpm,https://www.youtube.com/watch?v=7VZHBPJoar0&pp=0gcJCbIJAYcqIYzv
Solo #2 Part 2 90bpm,https://www.youtube.com/watch?v=S9V09xzLg0I
Solo #3 Part 1 100bpm,https://www.youtube.com/watch?v=LQlO9FwpSao
Solo #3 Part 1 50bpm,https://www.youtube.com/watch?v=kGVl6m-TTDI
Solo #3 Part 1 50bpm with counting,https://www.youtube.com/watch?v=m8hiYRe8xJ0&pp=0gcJCbIJAYcqIYzv
Solo #3 Part 1 60bpm,https://www.youtube.com/watch?v=oNO8gd6azqE
Solo #3 Part 1 70bpm,https://www.youtube.com/watch?v=dYKoEp8xxBs
Solo #3 Part 1 80bpm,https://www.youtube.com/watch?v=pHDtbjYS1Qw
Solo #3 Part 1 90bpm,https://www.youtube.com/watch?v=V3QRsoJIR_U
Solo #3 Part 1 and Part 2 100bpm,https://www.youtube.com/watch?v=wAQ_KbuWbRk
Solo #3 Part 2 100bpm,https://www.youtube.com/watch?v=IcoJLl-gopM
Solo #3 Part 2 50bpm,https://www.youtube.com/watch?v=2L4Z0ung0W8&pp=0gcJCbIJAYcqIYzv
Solo #3 Part 2 50bpm with counting,https://www.youtube.com/watch?v=A7IiL0yVbpA
Solo #3 Part 2 60bpm,https://www.youtube.com/watch?v=XthLN8crYJc&pp=0gcJCbIJAYcqIYzv
Solo #3 Part 2 70bpm,https://www.youtube.com/watch?v=hC-LvovgPcw&pp=0gcJCbIJAYcqIYzv
Solo #3 Part 2 80bpm,https://www.youtube.com/watch?v=JENOpJuhuik
Solo #3 Part 2 90bpm,https://www.youtube.com/watch?v=P0RZ0SQhV0I
Solo #4 Part 1 100bpm,https://www.youtube.com/watch?v=6bDttbaoT6Q
Solo #4 Part 1 50bpm,https://www.youtube.com/watch?v=FaGEycqgOVU
Solo #4 Part 1 50bpm with counting,https://www.youtube.com/watch?v=z9tSxwf7zn0
Solo #4 Part 1 60bpm,https://www.youtube.com/watch?v=BKPYaS8pbOY&pp=0gcJCbIJAYcqIYzv
Solo #4 Part 1 70bpm,https://www.youtube.com/watch?v=QdyEups290E
Solo #4 Part 1 80bpm,https://www.youtube.com/watch?v=zBc0UIsvS1A
Solo #4 Part 1 90bpm,https://www.youtube.com/watch?v=lZ1dxH6GUrY
Solo #4 Part 1 and Part 2 100bpm,https://www.youtube.com/watch?v=_eQPQVu5mPw&pp=0gcJCbIJAYcqIYzv
Solo #4 Part 2 100bpm,https://www.youtube.com/watch?v=8fsepkYeHMo
Solo #4 Part 2 50bpm,https://www.youtube.com/watch?v=gY6HCsCM204
Solo #4 Part 2 50bpm with counting,https://www.youtube.com/watch?v=LKg9IWr0nwk&pp=0gcJCbIJAYcqIYzv
Solo #4 Part 2 60bpm,https://www.youtube.com/watch?v=1OYU-TWjjZ0
Solo #4 Part 2 70bpm,https://www.youtube.com/watch?v=askopF-_Oy0
Solo #4 Part 2 80bpm,https://www.youtube.com/watch?v=vIJ-EUgHUk0
Solo #4 Part 2 90bpm,https://www.youtube.com/watch?v=YpkxUJTVDpg
Solo #5 Part 1 100bpm,https://www.youtube.com/watch?v=p4WPeRLOhZw
Solo #5 Part 1 50bpm,https://www.youtube.com/watch?v=ILPLdbVRqrM
Solo #5 Part 1 50bpm with counting,https://www.youtube.com/watch?v=axStJyeOO88
Solo #5 Part 1 60bpm,https://www.youtube.com/watch?v=-q-qD7UCLzI
Solo #5 Part 1 70bpm,https://www.youtube.com/watch?v=yqAZjFztAvU
Solo #5 Part 1 80bpm,https://www.youtube.com/watch?v=MQy0LR0Y9uE
Solo #5 Part 1 90bpm,https://www.youtube.com/watch?v=-mtXX1sLmeM
Solo #5 Part 1 and Part 2 100bpm,https://www.youtube.com/watch?v=WNXXXSq-0W8&pp=0gcJCbIJAYcqIYzv
Solo #5 Part 2 100bpm,https://www.youtube.com/watch?v=Oz0hBMmziDU
Solo #5 Part 2 50bpm,https://www.youtube.com/watch?v=m7zFG--emZI
Solo #5 Part 2 50bpm with counting,https://www.youtube.com/watch?v=LBQL-MVm1aw
Solo #5 Part 2 60bpm,https://www.youtube.com/watch?v=qAyn5TBspfI
Solo #5 Part 2 70bpm,https://www.youtube.com/watch?v=rQf0xmxfZJY
Solo #5 Part 2 80bpm,https://www.youtube.com/watch?v=JRM0CS7v7vg
Solo #5 Part 2 90bpm,https://www.youtube.com/watch?v=DY82XIiQwDU
Solo #6 Part 1 100bpm,https://www.youtube.com/watch?v=g4rhOgryJAY
Solo #6 Part 1 50bpm,https://www.youtube.com/watch?v=ITE9et9K_oA&pp=0gcJCbIJAYcqIYzv
Solo #6 Part 1 50bpm with counting,https://www.youtube.com/watch?v=WZhBl6Mj5qU
Solo #6 Part 1 60bpm,https://www.youtube.com/watch?v=8AjtcDOiv_8
Solo #6 Part 1 70bpm,https://www.youtube.com/watch?v=KQspieNTRdc
Solo #6 Part 1 80bpm,https://www.youtube.com/watch?v=GTuFQCP2VX8
Solo #6 Part 1 90bpm,https://www.youtube.com/watch?v=LcDsduy-xYU
Solo #6 Part 1 and Part 2 100bpm,https://www.youtube.com/watch?v=ZwJ4pGrPja8
Solo #6 Part 2 100bpm,https://www.youtube.com/watch?v=_P1INq4kxxM
Solo #6 Part 2 50bpm,https://www.youtube.com/watch?v=0dkEypZbn-c
Solo #6 Part 2 50bpm with counting,https://www.youtube.com/watch?v=pJcd2JoIMbU
Solo #6 Part 2 60bpm,https://www.youtube.com/watch?v=FlRpF8GCUoc
Solo #6 Part 2 70bpm,https://www.youtube.com/watch?v=_KARW-H8YjI
Solo #6 Part 2 80bpm,https://www.youtube.com/watch?v=OOdBHEnLiAM&pp=0gcJCbIJAYcqIYzv
Solo #6 Part 2 90bpm,https://www.youtube.com/watch?v=2e-HG0PU55Y
Solo #7 Part 1 100bpm,https://www.youtube.com/watch?v=TUnngsvyfdA
Solo #7 Part 1 50bpm,https://www.youtube.com/watch?v=E3IC3E62nNE
Solo #7 Part 1 50bpm with counting,https://www.youtube.com/watch?v=I06CVLnp9Bo
Solo #7 Part 1 60bpm,https://www.youtube.com/watch?v=wAWGNL2FPbQ
Solo #7 Part 1 70bpm,https://www.youtube.com/watch?v=UhzehMnBChk
Solo #7 Part 1 80bpm,https://www.youtube.com/watch?v=GQq1mSEqd-Q
Solo #7 Part 1 90bpm,https://www.youtube.com/watch?v=qhsJSZp7vyg
Solo #7 Part 1 and Part 2 100bpm,https://www.youtube.com/watch?v=sXUl4Me4_9A
Solo #7 Part 2 100bpm,https://www.youtube.com/watch?v=TLaKkHyCeYo
Solo #7 Part 2 50bpm,https://www.youtube.com/watch?v=T-1ilaNym_I
Solo #7 Part 2 50bpm with counting,https://www.youtube.com/watch?v=pCl_9OuaR9w
Solo #7 Part 2 60bpm,https://www.youtube.com/watch?v=jTOwTzPYGMU
Solo #7 Part 2 70bpm,https://www.youtube.com/watch?v=JRd2VfUO8Js
Solo #7 Part 2 80bpm,https://www.youtube.com/watch?v=tvdIB9Gz2MA
Solo #8 Part 1 100bpm,https://www.youtube.com/watch?v=7GtoqzXpwno
Solo #8 part 1 50bpm,https://www.youtube.com/watch?v=MOOVUoNM_Zo
Solo #8 part 1 50bpm with counting,https://www.youtube.com/watch?v=cP_miysb49g
Solo #8 Part 1 60bpm,https://www.youtube.com/watch?v=rcQnzdpGc68
Solo #8 Part 1 70bpm,https://www.youtube.com/watch?v=9Lf6-o9QX18
Solo #8 Part 1 80bpm,https://www.youtube.com/watch?v=mm5aChxtNQU
Solo #8 Part 1 90bpm,https://www.youtube.com/watch?v=ZYvv0TpCu0w
Solo #8 Part 1 and Part 2 100bpm,https://www.youtube.com/watch?v=G_n7EzOCf-o
Solo #8 Part 2 100bpm,https://www.youtube.com/watch?v=w622dLYFtpQ
Solo #8 part 2 50bpm,https://www.youtube.com/watch?v=vyffgzlfr7w&pp=0gcJCbIJAYcqIYzv
Solo #8 part 2 50bpm with counting,https://www.youtube.com/watch?v=NmvTV8aASME
Solo #8 Part 2 60bpm,https://www.youtube.com/watch?v=Ux62n-0Kh00
Solo #8 Part 2 70bpm,https://www.youtube.com/watch?v=G1ryxE_zxak
Solo #8 Part 2 80bpm,https://www.youtube.com/watch?v=ZnxDIfVN4gg
Solo #8 Part 2 90bpm,https://www.youtube.com/watch?v=s5F6LNpT1BU
Solo #9 Part 1 100bpm,https://www.youtube.com/watch?v=4_9IitltnWE
Solo #9 Part 1 50bpm,https://www.youtube.com/watch?v=Mx4rT-px5DU&pp=0gcJCbIJAYcqIYzv
Solo #9 Part 1 50bpm with counting,https://www.youtube.com/watch?v=EnbTDe9r0s4
Solo #9 Part 1 60bpm,https://www.youtube.com/watch?v=jkgEDtc93Pw
Solo #9 Part 1 70bpm,https://www.youtube.com/watch?v=--VFAwQk7MI
Solo #9 Part 1 80bpm,https://www.youtube.com/watch?v=Wcl2Y3sSKi0&pp=0gcJCbIJAYcqIYzv
Solo #9 Part 1 90bpm,https://www.youtube.com/watch?v=0jCRhVK-ZLo
Solo #9 Part 1 and Part 2 100bpm,https://www.youtube.com/watch?v=8UFPCWx6y3s
Solo #9 Part 2 100bpm,https://www.youtube.com/watch?v=w2Sa4yK7z6U
Solo #9 Part 2 50bpm,https://www.youtube.com/watch?v=sga9laMGa44
Solo #9 Part 2 50bpm with counting,https://www.youtube.com/watch?v=wGFH4IGCOuA
Solo #9 Part 2 60bpm,https://www.youtube.com/watch?v=Tv5FsXhKoL8
Solo #9 Part 2 70bpm,https://www.youtube.com/watch?v=ulRvhM9A2Vg
Solo #9 Part 2 80bpm,https://www.youtube.com/watch?v=WxHxNlNsgVA
Solo #9 Part 2 90bpm,https://www.youtube.com/watch?v=g7eUlXkhKhs
Solo#7 Part 2 90bpm,https://www.youtube.com/watch?v=PyQ32JFNyLA
Spiral 50bpm,https://www.youtube.com/watch?v=zRIW818hwNs&pp=0gcJCbIJAYcqIYzv
Spiral 50bpm with counting,https://www.youtube.com/watch?v=EoBr195QmsM
Spiral 60bpm,https://www.youtube.com/watch?v=yqP1U7nZ1KA
Spiral 70bpm,https://www.youtube.com/watch?v=579nsmGIvng
Spiral 80bpm,https://www.youtube.com/watch?v=mtQdWvCXvg8
Spiral 90bpm,https://www.youtube.com/watch?v=ApF3iXmROJM&pp=0gcJCbIJAYcqIYzv
Stagger Part 1 110bpm,https://www.youtube.com/watch?v=s_EH77sK3MY
Stagger Part 1 130bpm,https://www.youtube.com/watch?v=LTYyB_T911U
Stagger Part 1 150bpm,https://www.youtube.com/watch?v=MUlOMkbxG8I
Stagger Part 1 170bpm,https://www.youtube.com/watch?v=x7126XelsY4
Stagger Part 1 180bpm,https://www.youtube.com/watch?v=cR8CpTApDcs
Stagger Part 1 90bpm,https://www.youtube.com/watch?v=pZ6dvbphQT8
Stagger Part 1 90bpm with counting,https://www.youtube.com/watch?v=2q40DocQeDs
Stagger Part 1 and Part 2 180bpm,https://www.youtube.com/watch?v=wRf1f2aSctI
Stagger Part 2 110bpm,https://www.youtube.com/watch?v=alXCSImeYN0
Stagger Part 2 110bpm,https://www.youtube.com/watch?v=WxNiMmsejgc&pp=0gcJCbIJAYcqIYzv
Stagger Part 2 130bpm,https://www.youtube.com/watch?v=Zk_3cQGOUjw
Stagger Part 2 150bpm,https://www.youtube.com/watch?v=VqrolqcsRKY
Stagger Part 2 170bpm,https://www.youtube.com/watch?v=te8u2rFVGyk
Stagger Part 2 180bpm,https://www.youtube.com/watch?v=U46Ojl7DGYs
Staggger Part 2 90bpm,https://www.youtube.com/watch?v=K6ARijh8yb8
Staggger Part 2 90bpm with counting,https://www.youtube.com/watch?v=pCHwT6rYSU8
Straight Up Part 1 50bpm,https://www.youtube.com/watch?v=OxcoLXGr_yE
Straight Up Part 1 50bpm with counting,https://www.youtube.com/watch?v=K3Rs1ipMPJk
Straight Up Part 1 60bpm,https://www.youtube.com/watch?v=N8BIsL8qzuM
Straight Up Part 1 70bpm,https://www.youtube.com/watch?v=C6nmQOVUSpk
Straight Up Part 1 80bpm,https://www.youtube.com/watch?v=s_CjHvktqxY
Straight Up Part 2 50bpm,https://www.youtube.com/watch?v=ZvEwjCVAXlk
Straight Up Part 2 50bpm with counting,https://www.youtube.com/watch?v=ZOGetVAOg38&pp=0gcJCbIJAYcqIYzv
Straight Up Part 2 60bpm,https://www.youtube.com/watch?v=iFQ0mDDlXmA
Straight Up Part 2 70bpm,https://www.youtube.com/watch?v=3OBkbztjppY
Straight Up Part 2 80bpm,https://www.youtube.com/watch?v=jngBpGCB4X4
Sunday Strut 45bpm,https://www.youtube.com/watch?v=dZTuIhnhEiY
Sunday Strut 45bpm with counting,https://www.youtube.com/watch?v=NAjVfvvIW7w
Sunday Strut 60bpm,https://www.youtube.com/watch?v=0XPKUfQjEg4
Sunday Strut 70bpm,https://www.youtube.com/watch?v=U0zxfOBHMUY
Sunday Strut 80bpm,https://www.youtube.com/watch?v=opaOc6WARKQ
Sunday Strut 90bpm,https://www.youtube.com/watch?v=kmq1HlJQFBk
Tetralogy Part 1 50bpm,https://www.youtube.com/watch?v=CTfXTiBxkM0
Tetralogy Part 1 50bpm,https://www.youtube.com/watch?v=5sMyGFVnLqs
Tetralogy Part 1 50bpm with counting,https://www.youtube.com/watch?v=22B7sVD_3U8
Tetralogy Part 1 60bpm,https://www.youtube.com/watch?v=3hYdtZG1QRk
Tetralogy Part 1 70bpm,https://www.youtube.com/watch?v=SUXBXieriVU
Tetralogy Part 2 50bpm,https://www.youtube.com/watch?v=F7XWen110qk
Tetralogy Part 2 50bpm,https://www.youtube.com/watch?v=4q4eiCbxA94
Tetralogy Part 2 50bpm with counting,https://www.youtube.com/watch?v=nEdOGrMRNck
Tetralogy Part 2 60bpm,https://www.youtube.com/watch?v=c0fLfYoi6m0
Tetralogy Part 2 70bpm,https://www.youtube.com/watch?v=XXws7J1Z9Pg
Tetralogy Part 3 50bpm,https://www.youtube.com/watch?v=TSitWlyr_LQ
Tetralogy Part 3 50bpm,https://www.youtube.com/watch?v=NsHMha9fdto
Tetralogy Part 3 50bpm with counting,https://www.youtube.com/watch?v=GSlv5yNAMFU&pp=0gcJCbIJAYcqIYzv
Tetralogy Part 3 60bpm,https://www.youtube.com/watch?v=j2K5DVsSayk
Tetralogy Part 3 70bpm,https://www.youtube.com/watch?v=PwuVDVqlnmU
Tetralogy Part 4 50bpm,https://www.youtube.com/watch?v=uU2dQj8JEKA
Tetralogy Part 4 50bpm with counting,https://www.youtube.com/watch?v=Btwv5Coo-SA
Tetralogy Part 4 60bpm,https://www.youtube.com/watch?v=BblYhnfFM7Y
Tetralogy Part 4 70bpm,https://www.youtube.com/watch?v=Al47zeBBNiA
The Rudimental Blueprint Solo # 1  Part 2,https://www.youtube.com/watch?v=He5oiwncNbA
The Rudimental Blueprint Solo # 10  Part 1,https://www.youtube.com/watch?v=N0whE6fPeNk
The Rudimental Blueprint Solo # 10  Part 2,https://www.youtube.com/watch?v=cWW9lUGTfJw
The Rudimental Blueprint Solo # 2  Part 1,https://www.youtube.com/watch?v=rhzrnwZZ6RI
The Rudimental Blueprint Solo # 2  Part 2,https://www.youtube.com/watch?v=ghGtlMVzEM8
The Rudimental Blueprint Solo # 3  Part 1,https://www.youtube.com/watch?v=rAa9XBmlmtg
The Rudimental Blueprint Solo # 3  Part 2,https://www.youtube.com/watch?v=FiN1I4tttJ0
The Rudimental Blueprint Solo # 4  Part 1,https://www.youtube.com/watch?v=wuj42lICbkw
The Rudimental Blueprint Solo # 4  Part 2,https://www.youtube.com/watch?v=_n2QW9yyuoQ
The Rudimental Blueprint Solo # 5  Part 1,https://www.youtube.com/watch?v=zOLGfFzlFtg
The Rudimental Blueprint Solo # 5  Part 2,https://www.youtube.com/watch?v=wZMGsQcCYPc
The Rudimental Blueprint Solo # 6  Part 1,https://www.youtube.com/watch?v=CUYWD92AMfM&pp=0gcJCbIJAYcqIYzv
The Rudimental Blueprint Solo # 6  Part 2,https://www.youtube.com/watch?v=eZw8Qk1XPRs
The Rudimental Blueprint Solo # 7  Part 1,https://www.youtube.com/watch?v=a1UVPdL_O1Q
The Rudimental Blueprint Solo # 7  Part 2,https://www.youtube.com/watch?v=CoN648nld-w
The Rudimental Blueprint Solo # 8  Part 1,https://www.youtube.com/watch?v=ukHzlWOY2ws
The Rudimental Blueprint Solo # 8  Part 2,https://www.youtube.com/watch?v=RSKPmQNyAeY
The Rudimental Blueprint Solo # 9  Part 1,https://www.youtube.com/watch?v=ixLi9NJs0o0
The Rudimental Blueprint Solo # 9  Part 2,https://www.youtube.com/watch?v=gEEarRQxJ50
The Rudimental Blueprint Solo #1 Part 1,https://www.youtube.com/watch?v=bJtF4VrikL0
Three For All 50bpm,https://www.youtube.com/watch?v=vceuQ22O0c8
Three For All 50bpm with counting,https://www.youtube.com/watch?v=aP_OrjnHDhs
Three For All 50bpm with counting,https://www.youtube.com/watch?v=kLuxDaRKy5E
Three For All 60bpm,https://www.youtube.com/watch?v=-heqBnc6GKU
Three For All 70bpm,https://www.youtube.com/watch?v=dxqsA_expQE
Three For All 80bpm,https://www.youtube.com/watch?v=8IFvXsmbIe8
Trix Part 1 50bpm,https://www.youtube.com/watch?v=V2oMl1wxUxs
Trix Part 1 50bpm with counting,https://www.youtube.com/watch?v=0Xzd9ssr5kQ
Trix Part 1 60bpm,https://www.youtube.com/watch?v=o9xXjq6Mg14
Trix Part 1 70bpm,https://www.youtube.com/watch?v=fe9_SOJ1E6s
Trix Part 1 90bm,https://www.youtube.com/watch?v=cgD739ZUoxw
Trix Part 1 and Part 2 90bm,https://www.youtube.com/watch?v=MV0YAM61Aw0
Trix Part 2 50bpm,https://www.youtube.com/watch?v=R3cPsyK06aw
Trix Part 2 50bpm with counting,https://www.youtube.com/watch?v=4KPEU4QoS1I
Trix Part 2 50bpm with counting,https://www.youtube.com/watch?v=eTtyTv5jtcA
Trix Part 2 60bpm,https://www.youtube.com/watch?v=Lm5logIm-RY
Trix Part 2 70bpm,https://www.youtube.com/watch?v=kx6B-1Mzxtk&pp=0gcJCbIJAYcqIYzv
Trix Part 2 80bpm,https://www.youtube.com/watch?v=4hV4RRMl4wk
Trix Part 2 80bpm,https://www.youtube.com/watch?v=pfj5djFO8V0
Trix Part 2 90bpm,https://www.youtube.com/watch?v=XDtOWONWWwU
Turn-A-Round 50bpm,https://www.youtube.com/watch?v=ARcjG0JyBes
Turn-A-Round 50bpm with counting,https://www.youtube.com/watch?v=W1mh--ieP1M&pp=0gcJCbIJAYcqIYzv
Turn-A-Round 60bpm,https://www.youtube.com/watch?v=CvmyHDlaBqc
Turn-A-Round 70bpm,https://www.youtube.com/watch?v=VsZvPt3c9qo
Turn-A-Round 80bpm,https://www.youtube.com/watch?v=1pbkHKk9jxQ&pp=0gcJCbIJAYcqIYzv
Twinky Part 1 50bpm,https://www.youtube.com/watch?v=N3RSzc9Wc0w
Twinky Part 1 50bpm with counting,https://www.youtube.com/watch?v=ZkywZJIPIuI
Twinky Part 1 60bpm,https://www.youtube.com/watch?v=2TTA_L8Sl7o
Twinky Part 1 70bpm,https://www.youtube.com/watch?v=Kfvz7Ot8oBI&pp=0gcJCbIJAYcqIYzv
Twinky Part 1 80bpm,https://www.youtube.com/watch?v=AJ5w5sopEcY
Twinky Part 1 90bpm,https://www.youtube.com/watch?v=quBtov6jy00&pp=0gcJCbIJAYcqIYzv
Twinky Part 2 50bpm,https://www.youtube.com/watch?v=z6US2iqYlZI
Twinky Part 2 50bpm with counting,https://www.youtube.com/watch?v=YbklQqyu9ng&pp=0gcJCbIJAYcqIYzv
Twinky Part 2 60bpm,https://www.youtube.com/watch?v=tw8QpS17-FQ
Twinky Part 2 70bpm,https://www.youtube.com/watch?v=mUDVwMrc5u8
Twinky Part 2 80bpm,https://www.youtube.com/watch?v=gEE277jHpvE
Twinky Part 2 90bpm,https://www.youtube.com/watch?v=XOfxOo_hzGQ
Twist Part 1 40bpm,https://www.youtube.com/watch?v=9x5Gx2SMmK0
Twist Part 1 40bpm with counting,https://www.youtube.com/watch?v=9wtgEeLo66Q
Twist Part 1 50bpm,https://www.youtube.com/watch?v=rmJjc-HA6YU
Twist Part 1 60bpm,https://www.youtube.com/watch?v=f6ZuZ3xVSro&pp=0gcJCbIJAYcqIYzv
Twist Part 1 70bpm,https://www.youtube.com/watch?v=_0yw8CSOlIM
Twist Part 1 80bpm,https://www.youtube.com/watch?v=BRzKicAQihw
Twist Part 1 80bpm,https://www.youtube.com/watch?v=3RioP_RJYUA
Twist Part 1 and Part 2 80bpm,https://www.youtube.com/watch?v=gkwheX075yk&pp=0gcJCbIJAYcqIYzv
Twist Part 2 40bpm,https://www.youtube.com/watch?v=S6EQfP1Cpgs&pp=0gcJCbIJAYcqIYzv
Twist Part 2 40bpm with counting,https://www.youtube.com/watch?v=8PODSrhsGUs
Twist Part 2 50bpm,https://www.youtube.com/watch?v=43KJsfiklyA
Twist Part 2 60bpm,https://www.youtube.com/watch?v=NWxwQY7gDJI
Twist Part 2 70bpm,https://www.youtube.com/watch?v=pQoYAURqdtw
Twist Part 2 80bpm,https://www.youtube.com/watch?v=OETNVwEUVLE
Two Day Part 1 50bpm,https://www.youtube.com/watch?v=fDJdZd8cv_A
Two Day Part 1 50bpm with counting,https://www.youtube.com/watch?v=dO1U8Km6-m0
Two Day Part 1 60bpm,https://www.youtube.com/watch?v=UUHdVW0vA84
Two Day Part 1 70bpm,https://www.youtube.com/watch?v=zC7-0aMIkk4
Two Day Part 1 80bpm,https://www.youtube.com/watch?v=hvhgaFfb8cA&pp=0gcJCbIJAYcqIYzv
Two Day Part 2 50bpm,https://www.youtube.com/watch?v=2pc-mE_Nxos
Two Day Part 2 50bpm with counting,https://www.youtube.com/watch?v=X4acEF6XW2g&pp=0gcJCbIJAYcqIYzv
Two Day Part 2 60bpm,https://www.youtube.com/watch?v=CF8s0bFmNdI
Two Day Part 2 70bpm,https://www.youtube.com/watch?v=5p_g5IknrjY
Two Day Part 2 80bpm,https://www.youtube.com/watch?v=14J6tUGb6b0&pp=0gcJCbIJAYcqIYzv
Up & Runnin' 100bpm,https://www.youtube.com/watch?v=zLBJpBpxuf8&pp=0gcJCbIJAYcqIYzv
Up & Runnin' 110bpm,https://www.youtube.com/watch?v=P6PwXlTeNdM
Up & Runnin' 120bpm,https://www.youtube.com/watch?v=8-oOxpOpaGU
Up & Runnin' 80bpm,https://www.youtube.com/watch?v=yIMtPHNpgUQ
Up & Runnnin' 60bpm,https://www.youtube.com/watch?v=u2H8miOOwM0&pp=0gcJCbIJAYcqIYzv
Up & Runnnin' 60bpm with counting,https://www.youtube.com/watch?v=x4befzhs5RI
Upside Part 1 50bpm,https://www.youtube.com/watch?v=qwS7bDI6k3w
Upside Part 1 50bpm with counting,https://www.youtube.com/watch?v=v6IBHTHQg4Q
Upside Part 1 60bpm,https://www.youtube.com/watch?v=pl_rOb4FqY4
Upside Part 1 70bpm,https://www.youtube.com/watch?v=y2oNRljLxX8
Upside Part 1 80bpm,https://www.youtube.com/watch?v=iTjybGhTvVc
Upside Part 2 50bpm,https://www.youtube.com/watch?v=ZJWDBGb4Lhg
Upside Part 2 50bpm with counting,https://www.youtube.com/watch?v=w53k-p49v3M
Upside Part 2 60bpm,https://www.youtube.com/watch?v=1POjn0uRPVc
Upside Part 2 70pm,https://www.youtube.com/watch?v=5DG_DeM6RoA
Upside Part 2 80bpm,https://www.youtube.com/watch?v=uPCSQ5u0M9w
Walk On 40bpm,https://www.youtube.com/watch?v=Hb-L6SXxqig&pp=0gcJCbIJAYcqIYzv
Walk On 40bpm with counting,https://www.youtube.com/watch?v=xgEo6YIQRLU
Walk On 50bpm,https://www.youtube.com/watch?v=OSf0NrOc8L8
Walk On 60bpm,https://www.youtube.com/watch?v=rhtAASVLFnI
Waltz 114bpm YouTube,https://www.youtube.com/watch?v=0Z331sYEzAE
Waltz 130bpm,https://www.youtube.com/watch?v=8ajkcqUwxbA
Waltz 65bpm,https://www.youtube.com/watch?v=3bLZqs9HwR0
Waltz 81bpm,https://www.youtube.com/watch?v=dFCTKocyXcA
Waltz 98bpm YouTube,https://www.youtube.com/watch?v=vEqXJL1vjsY